{
  "id": "d537dbc5",
  "name": "Demo_Ch",
  "description": "\u4e2d\u6587\u7248",
  "created_at": "2025-12-21T16:30:00.046487",
  "updated_at": "2026-01-20T13:47:24.162633",
  "repositories": {
    "concepts": "repos\\gold_chinese.concept.json",
    "inferences": "repos\\gold_chinese.inference.json",
    "inputs": null
  },
  "execution": {
    "max_cycles": 50,
    "db_path": "orchestration.db",
    "agent_config": "\u9ec4\u91d1\u6295\u8d44\u5efa\u8bae.agent.json"
  },
  "breakpoints": [],
  "ui_preferences": {}
}